"Project","ScanDate","DependencyName","DependencyPath","Description","License","Md5","Sha1","Identifiers","CPE","CVE","CWE","Vulnerability","Source","CVSSv2_Severity","CVSSv2_Score","CVSSv2","CVSSv3_BaseSeverity","CVSSv3_BaseScore","CVSSv3","CPE Confidence","Evidence Count","VendorProject","Product","Name","DateAdded","ShortDescription","RequiredAction","DueDate","Notes"
BMO RFB Backend,"Mon, 21 Jul 2025 12:13:32 GMT",commons-lang3-3.13.0.jar,/home/ubuntu/.m2/repository/org/apache/commons/commons-lang3/3.13.0/commons-lang3-3.13.0.jar,"Apache Commons Lang, a package of Java utility classes for the   classes that are in java.lang's hierarchy, or are considered to be so   standard as to justify existence in java.lang.",https://www.apache.org/licenses/LICENSE-2.0.txt,3435b913691a5c1b173485a49850b1a8,b7263237aa89c1f99b327197c41d0669707a462e,pkg:maven/org.apache.commons/commons-lang3@3.13.0,"",CVE-2025-48924,CWE-674 Uncontrolled Recursion,"Uncontrolled Recursion vulnerability in Apache Commons Lang.  This issue affects Apache Commons Lang: Starting with commons-lang:commons-lang 2.0 to 2.6, and, from org.apache.commons:commons-lang3 3.0 before 3.18.0.  The methods ClassUtils.getClass(...) can throw StackOverflowError on very long inputs. Because an Error is usually not handled by applications and libraries, a  StackOverflowError could cause an application to stop.  Users are recommended to upgrade to version 3.18.0, which fixes the issue.  Sonatype's research suggests that this CVE's details differ from those defined at NVD. See https://ossindex.sonatype.org/vulnerability/CVE-2025-48924 for details",OSSINDEX,MEDIUM,6.9,/AV:N/AC:L/Au:/C:/I:/A:,"","","",HIGH,143,"","","","","","","",""
BMO RFB Backend,"Mon, 21 Jul 2025 12:13:32 GMT",h2-2.2.224.jar,/home/ubuntu/.m2/repository/com/h2database/h2/2.2.224/h2-2.2.224.jar,H2 Database Engine,MPL 2.0: https://www.mozilla.org/en-US/MPL/2.0/ EPL 1.0: https://opensource.org/licenses/eclipse-1.0.php,769d5a85d19ccc2b06620f8c81d6d8f8,7bdade27d8cd197d9b5ce9dc251f41d2edc5f7ad,pkg:maven/com.h2database/h2@2.2.224,cpe:2.3:a:h2database:h2:2.2.224:*:*:*:*:*:*:*,CVE-2018-14335,CWE-59 Improper Link Resolution Before File Access ('Link Following'),"h2database - Improper Link Resolution Before File Access  The software attempts to access a file based on the filename, but it does not properly prevent that filename from identifying a link or shortcut that resolves to an unintended resource.",OSSINDEX,"","","",MEDIUM,6.0,CVSS:3.1/AV:L/AC:L/PR:H/UI:N/S:C/C:H/I:N/A:N,HIGH,44,"","","","","","","",""
BMO RFB Backend,"Mon, 21 Jul 2025 12:13:32 GMT",jackson-databind-2.15.3.jar,/home/ubuntu/.m2/repository/com/fasterxml/jackson/core/jackson-databind/2.15.3/jackson-databind-2.15.3.jar,General data-binding functionality for Jackson: works on core streaming API,"The Apache Software License, Version 2.0: https://www.apache.org/licenses/LICENSE-2.0.txt",5f453c55f127690fa8491ce347aa055c,a734bc2c47a9453c4efa772461a3aeb273c010d9,pkg:maven/com.fasterxml.jackson.core/jackson-databind@2.15.3,"cpe:2.3:a:fasterxml:jackson-databind:2.15.3:*:*:*:*:*:*:*, cpe:2.3:a:fasterxml:jackson-modules-java8:2.15.3:*:*:*:*:*:*:*",CVE-2023-35116,CWE-770 Allocation of Resources Without Limits or Throttling,"jackson-databind through 2.15.2 allows attackers to cause a denial of service or other unspecified impact via a crafted object that uses cyclic dependencies. NOTE: the vendor's perspective is that this is not a valid vulnerability report, because the steps of constructing a cyclic data structure and trying to serialize it cannot be achieved by an external attacker.",NVD,"","","",MEDIUM,4.7,CVSS:3.1/AV:L/AC:H/PR:L/UI:N/S:U/C:N/I:N/A:H,HIGH,41,"","","","","","","",""
BMO RFB Backend,"Mon, 21 Jul 2025 12:13:32 GMT",logback-classic-1.4.11.jar,/home/ubuntu/.m2/repository/ch/qos/logback/logback-classic/1.4.11/logback-classic-1.4.11.jar,logback-classic module,"http://www.eclipse.org/legal/epl-v10.html, http://www.gnu.org/licenses/old-licenses/lgpl-2.1.html",a6a09da5f4d40cf80bedcf7a6a0d35b2,54450c0c783e896a1a6d88c043bd2f1daba1c382,pkg:maven/ch.qos.logback/logback-classic@1.4.11,cpe:2.3:a:qos:logback:1.4.11:*:*:*:*:*:*:*,CVE-2023-6378,CWE-502 Deserialization of Untrusted Data,A serialization vulnerability in logback receiver component part of  logback version 1.4.11 allows an attacker to mount a Denial-Of-Service  attack by sending poisoned data.,NVD,"","","",HIGH,7.5,CVSS:3.1/AV:N/AC:L/PR:N/UI:N/S:U/C:N/I:N/A:H,HIGH,38,"","","","","","","",""
BMO RFB Backend,"Mon, 21 Jul 2025 12:13:32 GMT",logback-core-1.4.11.jar,/home/ubuntu/.m2/repository/ch/qos/logback/logback-core/1.4.11/logback-core-1.4.11.jar,logback-core module,"http://www.eclipse.org/legal/epl-v10.html, http://www.gnu.org/licenses/old-licenses/lgpl-2.1.html",d71bee74f4ae2864c7b68fc8212b8a66,2f9f280219a9922a74200eaf7138c4c17fb87c0f,pkg:maven/ch.qos.logback/logback-core@1.4.11,cpe:2.3:a:qos:logback:1.4.11:*:*:*:*:*:*:*,CVE-2023-6378,CWE-502 Deserialization of Untrusted Data,A serialization vulnerability in logback receiver component part of  logback version 1.4.11 allows an attacker to mount a Denial-Of-Service  attack by sending poisoned data.,NVD,"","","",HIGH,7.5,CVSS:3.1/AV:N/AC:L/PR:N/UI:N/S:U/C:N/I:N/A:H,HIGH,36,"","","","","","","",""
BMO RFB Backend,"Mon, 21 Jul 2025 12:13:32 GMT",logback-core-1.4.11.jar,/home/ubuntu/.m2/repository/ch/qos/logback/logback-core/1.4.11/logback-core-1.4.11.jar,logback-core module,"http://www.eclipse.org/legal/epl-v10.html, http://www.gnu.org/licenses/old-licenses/lgpl-2.1.html",d71bee74f4ae2864c7b68fc8212b8a66,2f9f280219a9922a74200eaf7138c4c17fb87c0f,pkg:maven/ch.qos.logback/logback-core@1.4.11,cpe:2.3:a:qos:logback:1.4.11:*:*:*:*:*:*:*,CVE-2024-12798,CWE-917 Improper Neutralization of Special Elements used in an Expression Language Statement ('Expression Language Injection'),"ACE vulnerability in JaninoEventEvaluator  by QOS.CH logback-core       upto including version 0.1 to 1.3.14 and 1.4.0 to 1.5.12 in Java applications allows       attacker to execute arbitrary code by compromising an existing       logback configuration file or by injecting an environment variable       before program execution.      Malicious logback configuration files can allow the attacker to execute  arbitrary code using the JaninoEventEvaluator extension.    A successful attack requires the user to have write access to a  configuration file. Alternatively, the attacker could inject a malicious  environment variable pointing to a malicious configuration file. In both  cases, the attack requires existing privilege.",OSSINDEX,MEDIUM,5.9,/AV:L/AC:L/Au:/C:/I:/A:,"","","",HIGH,36,"","","","","","","",""
BMO RFB Backend,"Mon, 21 Jul 2025 12:13:32 GMT",logback-core-1.4.11.jar,/home/ubuntu/.m2/repository/ch/qos/logback/logback-core/1.4.11/logback-core-1.4.11.jar,logback-core module,"http://www.eclipse.org/legal/epl-v10.html, http://www.gnu.org/licenses/old-licenses/lgpl-2.1.html",d71bee74f4ae2864c7b68fc8212b8a66,2f9f280219a9922a74200eaf7138c4c17fb87c0f,pkg:maven/ch.qos.logback/logback-core@1.4.11,cpe:2.3:a:qos:logback:1.4.11:*:*:*:*:*:*:*,CVE-2024-12801,CWE-918 Server-Side Request Forgery (SSRF),"Server-Side Request Forgery (SSRF) in SaxEventRecorder by QOS.CH logback version 0.1 to 1.3.14 and 1.4.0 to 1.5.12  on the Java platform, allows an attacker to  forge requests by compromising logback configuration files in XML.    The attacks involves the modification of DOCTYPE declaration in  XML configuration files.  Sonatype's research suggests that this CVE's details differ from those defined at NVD. See https://ossindex.sonatype.org/vulnerability/CVE-2024-12801 for details",OSSINDEX,LOW,2.4,/AV:L/AC:L/Au:/C:/I:/A:,"","","",HIGH,36,"","","","","","","",""
BMO RFB Backend,"Mon, 21 Jul 2025 12:13:32 GMT",spring-context-6.1.1.jar,/home/ubuntu/.m2/repository/org/springframework/spring-context/6.1.1/spring-context-6.1.1.jar,Spring Context,"Apache License, Version 2.0: https://www.apache.org/licenses/LICENSE-2.0",4ca9075daea9de15f42ba7de14420e47,0610d7dd3f62d22d42b993a201e3110649b68e17,pkg:maven/org.springframework/spring-context@6.1.1,"cpe:2.3:a:pivotal_software:spring_framework:6.1.1:*:*:*:*:*:*:*, cpe:2.3:a:vmware:spring_framework:6.1.1:*:*:*:*:*:*:*",CVE-2024-38820,NVD-CWE-noinfo,"The fix for CVE-2022-22968 made disallowedFields patterns in DataBinder case insensitive. However, String.toLowerCase() has some Locale dependent exceptions that could potentially result in fields not protected as expected.",NVD,"","","",MEDIUM,5.3,CVSS:3.1/AV:N/AC:L/PR:N/UI:N/S:U/C:N/I:L/A:N,HIGH,35,"","","","","","","",""
BMO RFB Backend,"Mon, 21 Jul 2025 12:13:32 GMT",spring-context-6.1.1.jar,/home/ubuntu/.m2/repository/org/springframework/spring-context/6.1.1/spring-context-6.1.1.jar,Spring Context,"Apache License, Version 2.0: https://www.apache.org/licenses/LICENSE-2.0",4ca9075daea9de15f42ba7de14420e47,0610d7dd3f62d22d42b993a201e3110649b68e17,pkg:maven/org.springframework/spring-context@6.1.1,"cpe:2.3:a:pivotal_software:spring_framework:6.1.1:*:*:*:*:*:*:*, cpe:2.3:a:vmware:spring_framework:6.1.1:*:*:*:*:*:*:*",CVE-2025-22233,CWE-20 Improper Input Validation,"CVE-2024-38820 ensured Locale-independent, lowercase conversion for both the configured disallowedFields patterns and for request parameter names. However, there are still cases where it is possible to bypass the disallowedFields checks.  Affected Spring Products and Versions  Spring Framework:   *  6.2.0 - 6.2.6    *  6.1.0 - 6.1.19    *  6.0.0 - 6.0.27    *  5.3.0 - 5.3.42   *  Older, unsupported versions are also affected    Mitigation  Users of affected versions should upgrade to the corresponding fixed version.  Affected version(s)Fix Version Availability 6.2.x  6.2.7 OSS6.1.x  6.1.20 OSS6.0.x  6.0.28  Commercial https://enterprise.spring.io/ 5.3.x  5.3.43  Commercial https://enterprise.spring.io/  No further mitigation steps are necessary.   Generally, we recommend using a dedicated model object with properties only for data binding, or using constructor binding since constructor arguments explicitly declare what to bind together with turning off setter binding through the declarativeBinding flag. See the Model Design section in the reference documentation.  For setting binding, prefer the use of allowedFields (an explicit list) over disallowedFields.  Credit  This issue was responsibly reported by the TERASOLUNA Framework Development Team from NTT DATA Group Corporation.  Sonatype's research suggests that this CVE's details differ from those defined at NVD. See https://ossindex.sonatype.org/vulnerability/CVE-2025-22233 for details",OSSINDEX,LOW,2.3,/AV:N/AC:H/Au:/C:/I:/A:,"","","",HIGH,35,"","","","","","","",""
BMO RFB Backend,"Mon, 21 Jul 2025 12:13:32 GMT",spring-context-6.1.1.jar,/home/ubuntu/.m2/repository/org/springframework/spring-context/6.1.1/spring-context-6.1.1.jar,Spring Context,"Apache License, Version 2.0: https://www.apache.org/licenses/LICENSE-2.0",4ca9075daea9de15f42ba7de14420e47,0610d7dd3f62d22d42b993a201e3110649b68e17,pkg:maven/org.springframework/spring-context@6.1.1,"cpe:2.3:a:pivotal_software:spring_framework:6.1.1:*:*:*:*:*:*:*, cpe:2.3:a:vmware:spring_framework:6.1.1:*:*:*:*:*:*:*",CVE-2024-22259,"","Applications that use UriComponentsBuilder in Spring Framework to parse an externally provided URL (e.g. through a query parameter) AND perform validation checks on the host of the parsed URL may be vulnerable to a  open redirect https://cwe.mitre.org/data/definitions/601.html  attack or to a SSRF attack if the URL is used after passing validation checks.  This is the same as  CVE-2024-22243 https://spring.io/security/cve-2024-22243 , but with different input.",NVD,"","","","","","",HIGH,35,"","","","","","","",""
BMO RFB Backend,"Mon, 21 Jul 2025 12:13:32 GMT",spring-core-6.1.1.jar,/home/ubuntu/.m2/repository/org/springframework/spring-core/6.1.1/spring-core-6.1.1.jar,Spring Core,"Apache License, Version 2.0: https://www.apache.org/licenses/LICENSE-2.0",7a787700b8de9fc9034ffdc070517f51,22d73bef97aff8a74a992716fe1aafc8f8a8a68d,pkg:maven/org.springframework/spring-core@6.1.1,"cpe:2.3:a:pivotal_software:spring_framework:6.1.1:*:*:*:*:*:*:*, cpe:2.3:a:vmware:spring_framework:6.1.1:*:*:*:*:*:*:*",CVE-2024-22233,CWE-400 Uncontrolled Resource Consumption,"In Spring Framework versions 6.0.15 and 6.1.2, it is possible for a user to provide specially crafted HTTP requests that may cause a denial-of-service (DoS) condition.  Specifically, an application is vulnerable when all of the following are true:    *  the application uses Spring MVC   *  Spring Security 6.1.6+ or 6.2.1+ is on the classpath   Typically, Spring Boot applications need the org.springframework.boot:spring-boot-starter-web and org.springframework.boot:spring-boot-starter-security dependencies to meet all conditions.  Sonatype's research suggests that this CVE's details differ from those defined at NVD. See https://ossindex.sonatype.org/vulnerability/CVE-2024-22233 for details",OSSINDEX,"","","",HIGH,7.5,CVSS:3.1/AV:N/AC:L/PR:N/UI:N/S:U/C:N/I:N/A:H,HIGH,41,"","","","","","","",""
BMO RFB Backend,"Mon, 21 Jul 2025 12:13:32 GMT",spring-core-6.1.1.jar,/home/ubuntu/.m2/repository/org/springframework/spring-core/6.1.1/spring-core-6.1.1.jar,Spring Core,"Apache License, Version 2.0: https://www.apache.org/licenses/LICENSE-2.0",7a787700b8de9fc9034ffdc070517f51,22d73bef97aff8a74a992716fe1aafc8f8a8a68d,pkg:maven/org.springframework/spring-core@6.1.1,"cpe:2.3:a:pivotal_software:spring_framework:6.1.1:*:*:*:*:*:*:*, cpe:2.3:a:vmware:spring_framework:6.1.1:*:*:*:*:*:*:*",CVE-2024-38820,NVD-CWE-noinfo,"The fix for CVE-2022-22968 made disallowedFields patterns in DataBinder case insensitive. However, String.toLowerCase() has some Locale dependent exceptions that could potentially result in fields not protected as expected.",NVD,"","","",MEDIUM,5.3,CVSS:3.1/AV:N/AC:L/PR:N/UI:N/S:U/C:N/I:L/A:N,HIGH,41,"","","","","","","",""
BMO RFB Backend,"Mon, 21 Jul 2025 12:13:32 GMT",spring-core-6.1.1.jar,/home/ubuntu/.m2/repository/org/springframework/spring-core/6.1.1/spring-core-6.1.1.jar,Spring Core,"Apache License, Version 2.0: https://www.apache.org/licenses/LICENSE-2.0",7a787700b8de9fc9034ffdc070517f51,22d73bef97aff8a74a992716fe1aafc8f8a8a68d,pkg:maven/org.springframework/spring-core@6.1.1,"cpe:2.3:a:pivotal_software:spring_framework:6.1.1:*:*:*:*:*:*:*, cpe:2.3:a:vmware:spring_framework:6.1.1:*:*:*:*:*:*:*",CVE-2024-22259,"","Applications that use UriComponentsBuilder in Spring Framework to parse an externally provided URL (e.g. through a query parameter) AND perform validation checks on the host of the parsed URL may be vulnerable to a  open redirect https://cwe.mitre.org/data/definitions/601.html  attack or to a SSRF attack if the URL is used after passing validation checks.  This is the same as  CVE-2024-22243 https://spring.io/security/cve-2024-22243 , but with different input.",NVD,"","","","","","",HIGH,41,"","","","","","","",""
BMO RFB Backend,"Mon, 21 Jul 2025 12:13:32 GMT",spring-tx-6.1.1.jar,/home/ubuntu/.m2/repository/org/springframework/spring-tx/6.1.1/spring-tx-6.1.1.jar,Spring Transaction,"Apache License, Version 2.0: https://www.apache.org/licenses/LICENSE-2.0",367792acc5b607715868aedb3e1884f3,100cf99c3e41b12eab810d780c0e6e3905c51c12,pkg:maven/org.springframework/spring-tx@6.1.1,"cpe:2.3:a:pivotal_software:spring_framework:6.1.1:*:*:*:*:*:*:*, cpe:2.3:a:vmware:spring_framework:6.1.1:*:*:*:*:*:*:*",CVE-2024-38820,NVD-CWE-noinfo,"The fix for CVE-2022-22968 made disallowedFields patterns in DataBinder case insensitive. However, String.toLowerCase() has some Locale dependent exceptions that could potentially result in fields not protected as expected.",NVD,"","","",MEDIUM,5.3,CVSS:3.1/AV:N/AC:L/PR:N/UI:N/S:U/C:N/I:L/A:N,HIGH,35,"","","","","","","",""
BMO RFB Backend,"Mon, 21 Jul 2025 12:13:32 GMT",spring-tx-6.1.1.jar,/home/ubuntu/.m2/repository/org/springframework/spring-tx/6.1.1/spring-tx-6.1.1.jar,Spring Transaction,"Apache License, Version 2.0: https://www.apache.org/licenses/LICENSE-2.0",367792acc5b607715868aedb3e1884f3,100cf99c3e41b12eab810d780c0e6e3905c51c12,pkg:maven/org.springframework/spring-tx@6.1.1,"cpe:2.3:a:pivotal_software:spring_framework:6.1.1:*:*:*:*:*:*:*, cpe:2.3:a:vmware:spring_framework:6.1.1:*:*:*:*:*:*:*",CVE-2024-22259,"","Applications that use UriComponentsBuilder in Spring Framework to parse an externally provided URL (e.g. through a query parameter) AND perform validation checks on the host of the parsed URL may be vulnerable to a  open redirect https://cwe.mitre.org/data/definitions/601.html  attack or to a SSRF attack if the URL is used after passing validation checks.  This is the same as  CVE-2024-22243 https://spring.io/security/cve-2024-22243 , but with different input.",NVD,"","","","","","",HIGH,35,"","","","","","","",""
BMO RFB Backend,"Mon, 21 Jul 2025 12:13:32 GMT",spring-web-6.1.1.jar,/home/ubuntu/.m2/repository/org/springframework/spring-web/6.1.1/spring-web-6.1.1.jar,Spring Web,"Apache License, Version 2.0: https://www.apache.org/licenses/LICENSE-2.0",431b4950bad0860cd6165f617e130e9e,4eeb5f2edb9f04d00357edcc56b59d3874b3b453,pkg:maven/org.springframework/spring-web@6.1.1,"cpe:2.3:a:pivotal_software:spring_framework:6.1.1:*:*:*:*:*:*:*, cpe:2.3:a:vmware:spring_framework:6.1.1:*:*:*:*:*:*:*, cpe:2.3:a:web_project:web:6.1.1:*:*:*:*:*:*:*",CVE-2024-38809,CWE-400 Uncontrolled Resource Consumption,"Applications that parse ETags from ""If-Match"" or ""If-None-Match"" request headers are vulnerable to DoS attack.  Users of affected versions should upgrade to the corresponding fixed version.  Users of older, unsupported versions could enforce a size limit on ""If-Match"" and ""If-None-Match"" headers, e.g. through a Filter.",OSSINDEX,HIGH,8.7,/AV:N/AC:L/Au:/C:/I:/A:,"","","",HIGH,35,"","","","","","","",""
BMO RFB Backend,"Mon, 21 Jul 2025 12:13:32 GMT",spring-web-6.1.1.jar,/home/ubuntu/.m2/repository/org/springframework/spring-web/6.1.1/spring-web-6.1.1.jar,Spring Web,"Apache License, Version 2.0: https://www.apache.org/licenses/LICENSE-2.0",431b4950bad0860cd6165f617e130e9e,4eeb5f2edb9f04d00357edcc56b59d3874b3b453,pkg:maven/org.springframework/spring-web@6.1.1,"cpe:2.3:a:pivotal_software:spring_framework:6.1.1:*:*:*:*:*:*:*, cpe:2.3:a:vmware:spring_framework:6.1.1:*:*:*:*:*:*:*, cpe:2.3:a:web_project:web:6.1.1:*:*:*:*:*:*:*",CVE-2024-22243,CWE-601 URL Redirection to Untrusted Site ('Open Redirect'),Applications that use UriComponentsBuilder to parse an externally provided URL (e.g. through a query parameter) AND perform validation checks on the host of the parsed URL may be vulnerable to a  open redirect https://cwe.mitre.org/data/definitions/601.html  attack or to a SSRF attack if the URL is used after passing validation checks.  Sonatype's research suggests that this CVE's details differ from those defined at NVD. See https://ossindex.sonatype.org/vulnerability/CVE-2024-22243 for details,OSSINDEX,"","","",HIGH,8.1,CVSS:3.1/AV:N/AC:L/PR:N/UI:R/S:U/C:H/I:H/A:N,HIGH,35,"","","","","","","",""
BMO RFB Backend,"Mon, 21 Jul 2025 12:13:32 GMT",spring-web-6.1.1.jar,/home/ubuntu/.m2/repository/org/springframework/spring-web/6.1.1/spring-web-6.1.1.jar,Spring Web,"Apache License, Version 2.0: https://www.apache.org/licenses/LICENSE-2.0",431b4950bad0860cd6165f617e130e9e,4eeb5f2edb9f04d00357edcc56b59d3874b3b453,pkg:maven/org.springframework/spring-web@6.1.1,"cpe:2.3:a:pivotal_software:spring_framework:6.1.1:*:*:*:*:*:*:*, cpe:2.3:a:vmware:spring_framework:6.1.1:*:*:*:*:*:*:*, cpe:2.3:a:web_project:web:6.1.1:*:*:*:*:*:*:*",CVE-2024-22262,CWE-601 URL Redirection to Untrusted Site ('Open Redirect'),"Applications that use UriComponentsBuilder to parse an externally provided URL (e.g. through a query parameter) AND perform validation checks on the host of the parsed URL may be vulnerable to a  open redirect https://cwe.mitre.org/data/definitions/601.html  attack or to a SSRF attack if the URL is used after passing validation checks.  This is the same as  CVE-2024-22259 https://spring.io/security/cve-2024-22259  and  CVE-2024-22243 https://spring.io/security/cve-2024-22243 , but with different input.",OSSINDEX,"","","",HIGH,8.1,CVSS:3.1/AV:N/AC:L/PR:N/UI:R/S:U/C:H/I:H/A:N,HIGH,35,"","","","","","","",""
BMO RFB Backend,"Mon, 21 Jul 2025 12:13:32 GMT",spring-web-6.1.1.jar,/home/ubuntu/.m2/repository/org/springframework/spring-web/6.1.1/spring-web-6.1.1.jar,Spring Web,"Apache License, Version 2.0: https://www.apache.org/licenses/LICENSE-2.0",431b4950bad0860cd6165f617e130e9e,4eeb5f2edb9f04d00357edcc56b59d3874b3b453,pkg:maven/org.springframework/spring-web@6.1.1,"cpe:2.3:a:pivotal_software:spring_framework:6.1.1:*:*:*:*:*:*:*, cpe:2.3:a:vmware:spring_framework:6.1.1:*:*:*:*:*:*:*, cpe:2.3:a:web_project:web:6.1.1:*:*:*:*:*:*:*",CVE-2025-41234,CWE-113 Improper Neutralization of CRLF Sequences in HTTP Headers ('HTTP Request/Response Splitting'),"Description  In Spring Framework, versions 6.0.x as of 6.0.5, versions 6.1.x and 6.2.x, an application is vulnerable to a reflected file download (RFD) attack when it sets a “Content-Disposition” header with a non-ASCII charset, where the filename attribute is derived from user-supplied input.  Specifically, an application is vulnerable when all the following are true:    *  The header is prepared with org.springframework.http.ContentDisposition.   *  The filename is set via ContentDisposition.Builder#filename(String, Charset).   *  The value for the filename is derived from user-supplied input.   *  The application does not sanitize the user-supplied input.   *  The downloaded content of the response is injected with malicious commands by the attacker (see RFD paper reference for details).   An application is not vulnerable if any of the following is true:    *  The application does not set a “Content-Disposition” response header.   *  The header is not prepared with org.springframework.http.ContentDisposition.   *  The filename is set via one of:  *  ContentDisposition.Builder#filename(String), or   *  ContentDisposition.Builder#filename(String, ASCII)      *  The filename is not derived from user-supplied input.   *  The filename is derived from user-supplied input but sanitized by the application.   *  The attacker cannot inject malicious content in the downloaded content of the response.   Affected Spring Products and VersionsSpring Framework:    *  6.2.0 - 6.2.7   *  6.1.0 - 6.1.20   *  6.0.5 - 6.0.28   *  Older, unsupported versions are not affected   MitigationUsers of affected versions should upgrade to the corresponding fixed version.  Affected version(s)Fix versionAvailability6.2.x6.2.8OSS6.1.x6.1.21OSS6.0.x6.0.29 Commercial https://enterprise.spring.io/ No further mitigation steps are necessary.   CWE-113 in `Content-Disposition` handling in VMware Spring Framework versions 6.0.5 to 6.2.7 allows remote attackers to launch Reflected File Download (RFD) attacks via unsanitized user input in `ContentDisposition.Builder#filename(String, Charset)` with non-ASCII charsets.  Sonatype's research suggests that this CVE's details differ from those defined at NVD. See https://ossindex.sonatype.org/vulnerability/CVE-2025-41234 for details",OSSINDEX,HIGH,7.4,/AV:N/AC:H/Au:/C:/I:/A:,"","","",HIGH,35,"","","","","","","",""
BMO RFB Backend,"Mon, 21 Jul 2025 12:13:32 GMT",spring-web-6.1.1.jar,/home/ubuntu/.m2/repository/org/springframework/spring-web/6.1.1/spring-web-6.1.1.jar,Spring Web,"Apache License, Version 2.0: https://www.apache.org/licenses/LICENSE-2.0",431b4950bad0860cd6165f617e130e9e,4eeb5f2edb9f04d00357edcc56b59d3874b3b453,pkg:maven/org.springframework/spring-web@6.1.1,"cpe:2.3:a:pivotal_software:spring_framework:6.1.1:*:*:*:*:*:*:*, cpe:2.3:a:vmware:spring_framework:6.1.1:*:*:*:*:*:*:*, cpe:2.3:a:web_project:web:6.1.1:*:*:*:*:*:*:*",CVE-2024-38820,NVD-CWE-noinfo,"The fix for CVE-2022-22968 made disallowedFields patterns in DataBinder case insensitive. However, String.toLowerCase() has some Locale dependent exceptions that could potentially result in fields not protected as expected.",NVD,"","","",MEDIUM,5.3,CVSS:3.1/AV:N/AC:L/PR:N/UI:N/S:U/C:N/I:L/A:N,HIGH,35,"","","","","","","",""
BMO RFB Backend,"Mon, 21 Jul 2025 12:13:32 GMT",spring-web-6.1.1.jar,/home/ubuntu/.m2/repository/org/springframework/spring-web/6.1.1/spring-web-6.1.1.jar,Spring Web,"Apache License, Version 2.0: https://www.apache.org/licenses/LICENSE-2.0",431b4950bad0860cd6165f617e130e9e,4eeb5f2edb9f04d00357edcc56b59d3874b3b453,pkg:maven/org.springframework/spring-web@6.1.1,"cpe:2.3:a:pivotal_software:spring_framework:6.1.1:*:*:*:*:*:*:*, cpe:2.3:a:vmware:spring_framework:6.1.1:*:*:*:*:*:*:*, cpe:2.3:a:web_project:web:6.1.1:*:*:*:*:*:*:*",CVE-2024-22259,"","Applications that use UriComponentsBuilder in Spring Framework to parse an externally provided URL (e.g. through a query parameter) AND perform validation checks on the host of the parsed URL may be vulnerable to a  open redirect https://cwe.mitre.org/data/definitions/601.html  attack or to a SSRF attack if the URL is used after passing validation checks.  This is the same as  CVE-2024-22243 https://spring.io/security/cve-2024-22243 , but with different input.",NVD,"","","","","","",HIGH,35,"","","","","","","",""
BMO RFB Backend,"Mon, 21 Jul 2025 12:13:32 GMT",spring-webmvc-6.1.1.jar,/home/ubuntu/.m2/repository/org/springframework/spring-webmvc/6.1.1/spring-webmvc-6.1.1.jar,Spring Web MVC,"Apache License, Version 2.0: https://www.apache.org/licenses/LICENSE-2.0",072af77e31540979e44865e57e4ff3cf,76c4408b67828aa9656f5955dc2c1c4c0e1b6da3,pkg:maven/org.springframework/spring-webmvc@6.1.1,"cpe:2.3:a:pivotal_software:spring_framework:6.1.1:*:*:*:*:*:*:*, cpe:2.3:a:vmware:spring_framework:6.1.1:*:*:*:*:*:*:*, cpe:2.3:a:web_project:web:6.1.1:*:*:*:*:*:*:*",CVE-2024-38816,CWE-22 Improper Limitation of a Pathname to a Restricted Directory ('Path Traversal'),"Applications serving static resources through the functional web frameworks WebMvc.fn or WebFlux.fn are vulnerable to path traversal attacks. An attacker can craft malicious HTTP requests and obtain any file on the file system that is also accessible to the process in which the Spring application is running.  Specifically, an application is vulnerable when both of the following are true:    *  the web application uses RouterFunctions to serve static resources   *  resource handling is explicitly configured with a FileSystemResource location   However, malicious requests are blocked and rejected when any of the following is true:    *  the  Spring Security HTTP Firewall https://docs.spring.io/spring-security/reference/servlet/exploits/firewall.html  is in use   *  the application runs on Tomcat or Jetty",OSSINDEX,HIGH,8.2,/AV:N/AC:L/Au:/C:/I:/A:,"","","",HIGH,37,"","","","","","","",""
BMO RFB Backend,"Mon, 21 Jul 2025 12:13:32 GMT",spring-webmvc-6.1.1.jar,/home/ubuntu/.m2/repository/org/springframework/spring-webmvc/6.1.1/spring-webmvc-6.1.1.jar,Spring Web MVC,"Apache License, Version 2.0: https://www.apache.org/licenses/LICENSE-2.0",072af77e31540979e44865e57e4ff3cf,76c4408b67828aa9656f5955dc2c1c4c0e1b6da3,pkg:maven/org.springframework/spring-webmvc@6.1.1,"cpe:2.3:a:pivotal_software:spring_framework:6.1.1:*:*:*:*:*:*:*, cpe:2.3:a:vmware:spring_framework:6.1.1:*:*:*:*:*:*:*, cpe:2.3:a:web_project:web:6.1.1:*:*:*:*:*:*:*",CVE-2024-38820,NVD-CWE-noinfo,"The fix for CVE-2022-22968 made disallowedFields patterns in DataBinder case insensitive. However, String.toLowerCase() has some Locale dependent exceptions that could potentially result in fields not protected as expected.",NVD,"","","",MEDIUM,5.3,CVSS:3.1/AV:N/AC:L/PR:N/UI:N/S:U/C:N/I:L/A:N,HIGH,37,"","","","","","","",""
BMO RFB Backend,"Mon, 21 Jul 2025 12:13:32 GMT",spring-webmvc-6.1.1.jar,/home/ubuntu/.m2/repository/org/springframework/spring-webmvc/6.1.1/spring-webmvc-6.1.1.jar,Spring Web MVC,"Apache License, Version 2.0: https://www.apache.org/licenses/LICENSE-2.0",072af77e31540979e44865e57e4ff3cf,76c4408b67828aa9656f5955dc2c1c4c0e1b6da3,pkg:maven/org.springframework/spring-webmvc@6.1.1,"cpe:2.3:a:pivotal_software:spring_framework:6.1.1:*:*:*:*:*:*:*, cpe:2.3:a:vmware:spring_framework:6.1.1:*:*:*:*:*:*:*, cpe:2.3:a:web_project:web:6.1.1:*:*:*:*:*:*:*",CVE-2024-22259,"","Applications that use UriComponentsBuilder in Spring Framework to parse an externally provided URL (e.g. through a query parameter) AND perform validation checks on the host of the parsed URL may be vulnerable to a  open redirect https://cwe.mitre.org/data/definitions/601.html  attack or to a SSRF attack if the URL is used after passing validation checks.  This is the same as  CVE-2024-22243 https://spring.io/security/cve-2024-22243 , but with different input.",NVD,"","","","","","",HIGH,37,"","","","","","","",""
BMO RFB Backend,"Mon, 21 Jul 2025 12:13:32 GMT",tomcat-embed-core-10.1.16.jar,/home/ubuntu/.m2/repository/org/apache/tomcat/embed/tomcat-embed-core/10.1.16/tomcat-embed-core-10.1.16.jar,Core Tomcat implementation,"Apache License, Version 2.0: http://www.apache.org/licenses/LICENSE-2.0.txt",2e10aec04f55e395d5a59c85e0e6601c,176162fb3998856a90436826034ffe5d25beaeb9,pkg:maven/org.apache.tomcat.embed/tomcat-embed-core@10.1.16,cpe:2.3:a:apache:tomcat:10.1.16:*:*:*:*:*:*:*,CVE-2025-24813,"CWE-502 Deserialization of Untrusted Data, CWE-706 Use of Incorrectly-Resolved Name or Reference","Path Equivalence: 'file.Name' (Internal Dot) leading to Remote Code Execution and/or Information disclosure and/or malicious content added to uploaded files via write enabled Default Servlet in Apache Tomcat.  This issue affects Apache Tomcat: from 11.0.0-M1 through 11.0.2, from 10.1.0-M1 through 10.1.34, from 9.0.0.M1 through 9.0.98.  If all of the following were true, a malicious user was able to view       security sensitive files and/or inject content into those files: - writes enabled for the default servlet (disabled by default) - support for partial PUT (enabled by default) - a target URL for security sensitive uploads that was a sub-directory of a target URL for public uploads - attacker knowledge of the names of security sensitive files being uploaded - the security sensitive files also being uploaded via partial PUT  If all of the following were true, a malicious user was able to       perform remote code execution: - writes enabled for the default servlet (disabled by default) - support for partial PUT (enabled by default) - application was using Tomcat's file based session persistence with the default storage location - application included a library that may be leveraged in a deserialization attack  Users are recommended to upgrade to version 11.0.3, 10.1.35 or 9.0.99, which fixes the issue.",NVD,"","","",CRITICAL,9.8,CVSS:3.1/AV:N/AC:L/PR:N/UI:N/S:U/C:H/I:H/A:H,HIGH,63,Apache,Tomcat,Apache Tomcat Path Equivalence Vulnerability,2025-04-01,"Apache Tomcat contains a path equivalence vulnerability that allows a remote attacker to execute code, disclose information, or inject malicious content via a partial PUT request.","Apply mitigations per vendor instructions, follow applicable BOD 22-01 guidance for cloud services, or discontinue use of the product if mitigations are unavailable.",2025-04-22,"This vulnerability affects a common open-source component, third-party library, or a protocol used by different products. Please check with specific vendors for information on patching status. For more information, please see: https://lists.apache.org/thread/j5fkjv2k477os90nczf2v9l61fb0kkgq ; https://nvd.nist.gov/vuln/detail/CVE-2025-24813"
BMO RFB Backend,"Mon, 21 Jul 2025 12:13:32 GMT",tomcat-embed-core-10.1.16.jar,/home/ubuntu/.m2/repository/org/apache/tomcat/embed/tomcat-embed-core/10.1.16/tomcat-embed-core-10.1.16.jar,Core Tomcat implementation,"Apache License, Version 2.0: http://www.apache.org/licenses/LICENSE-2.0.txt",2e10aec04f55e395d5a59c85e0e6601c,176162fb3998856a90436826034ffe5d25beaeb9,pkg:maven/org.apache.tomcat.embed/tomcat-embed-core@10.1.16,cpe:2.3:a:apache:tomcat:10.1.16:*:*:*:*:*:*:*,CVE-2025-31651,"","Improper Neutralization of Escape, Meta, or Control Sequences vulnerability in Apache Tomcat. For a subset of unlikely rewrite rule configurations, it was possible  for a specially crafted request to bypass some rewrite rules. If those  rewrite rules effectively enforced security constraints, those  constraints could be bypassed.  This issue affects Apache Tomcat: from 11.0.0-M1 through 11.0.5, from 10.1.0-M1 through 10.1.39, from 9.0.0.M1 through 9.0.102.  Users are recommended to upgrade to version [FIXED_VERSION], which fixes the issue.",NVD,"","","",CRITICAL,9.8,CVSS:3.1/AV:N/AC:L/PR:N/UI:N/S:U/C:H/I:H/A:H,HIGH,63,"","","","","","","",""
BMO RFB Backend,"Mon, 21 Jul 2025 12:13:32 GMT",tomcat-embed-core-10.1.16.jar,/home/ubuntu/.m2/repository/org/apache/tomcat/embed/tomcat-embed-core/10.1.16/tomcat-embed-core-10.1.16.jar,Core Tomcat implementation,"Apache License, Version 2.0: http://www.apache.org/licenses/LICENSE-2.0.txt",2e10aec04f55e395d5a59c85e0e6601c,176162fb3998856a90436826034ffe5d25beaeb9,pkg:maven/org.apache.tomcat.embed/tomcat-embed-core@10.1.16,cpe:2.3:a:apache:tomcat:10.1.16:*:*:*:*:*:*:*,CVE-2024-38286,"","Allocation of Resources Without Limits or Throttling vulnerability in Apache Tomcat.  This issue affects Apache Tomcat: from 11.0.0-M1 through 11.0.0-M20, from 10.1.0-M1 through 10.1.24, from 9.0.13 through 9.0.89. Older, unsupported versions may also be affected.   Users are recommended to upgrade to version 11.0.0-M21, 10.1.25, or 9.0.90, which fixes the issue.    Apache Tomcat, under certain configurations on any platform, allows an attacker to cause an OutOfMemoryError by abusing the TLS handshake process.",NVD,"","","",HIGH,7.5,CVSS:3.1/AV:N/AC:L/PR:N/UI:N/S:U/C:N/I:N/A:H,HIGH,63,"","","","","","","",""
BMO RFB Backend,"Mon, 21 Jul 2025 12:13:32 GMT",tomcat-embed-core-10.1.16.jar,/home/ubuntu/.m2/repository/org/apache/tomcat/embed/tomcat-embed-core/10.1.16/tomcat-embed-core-10.1.16.jar,Core Tomcat implementation,"Apache License, Version 2.0: http://www.apache.org/licenses/LICENSE-2.0.txt",2e10aec04f55e395d5a59c85e0e6601c,176162fb3998856a90436826034ffe5d25beaeb9,pkg:maven/org.apache.tomcat.embed/tomcat-embed-core@10.1.16,cpe:2.3:a:apache:tomcat:10.1.16:*:*:*:*:*:*:*,CVE-2025-31650,"","Improper Input Validation vulnerability in Apache Tomcat. Incorrect error handling for some invalid HTTP priority headers resulted in incomplete clean-up of the failed request which created a memory leak. A large number of such requests could trigger an OutOfMemoryException resulting in a denial of service.  This issue affects Apache Tomcat: from 9.0.76 through 9.0.102, from 10.1.10 through 10.1.39, from 11.0.0-M2 through 11.0.5.  Users are recommended to upgrade to version 9.0.104, 10.1.40 or 11.0.6 which fix the issue.",NVD,"","","",HIGH,7.5,CVSS:3.1/AV:N/AC:L/PR:N/UI:N/S:U/C:N/I:N/A:H,HIGH,63,"","","","","","","",""
BMO RFB Backend,"Mon, 21 Jul 2025 12:13:32 GMT",tomcat-embed-core-10.1.16.jar,/home/ubuntu/.m2/repository/org/apache/tomcat/embed/tomcat-embed-core/10.1.16/tomcat-embed-core-10.1.16.jar,Core Tomcat implementation,"Apache License, Version 2.0: http://www.apache.org/licenses/LICENSE-2.0.txt",2e10aec04f55e395d5a59c85e0e6601c,176162fb3998856a90436826034ffe5d25beaeb9,pkg:maven/org.apache.tomcat.embed/tomcat-embed-core@10.1.16,cpe:2.3:a:apache:tomcat:10.1.16:*:*:*:*:*:*:*,CVE-2024-23672,"","Denial of Service via incomplete cleanup vulnerability in Apache Tomcat. It was possible for WebSocket clients to keep WebSocket connections open leading to increased resource consumption.This issue affects Apache Tomcat: from 11.0.0-M1 through 11.0.0-M16, from 10.1.0-M1 through 10.1.18, from 9.0.0-M1 through 9.0.85, from 8.5.0 through 8.5.98.  Users are recommended to upgrade to version 11.0.0-M17, 10.1.19, 9.0.86 or 8.5.99 which fix the issue.",NVD,"","","","","","",HIGH,63,"","","","","","","",""
BMO RFB Backend,"Mon, 21 Jul 2025 12:13:32 GMT",tomcat-embed-core-10.1.16.jar,/home/ubuntu/.m2/repository/org/apache/tomcat/embed/tomcat-embed-core/10.1.16/tomcat-embed-core-10.1.16.jar,Core Tomcat implementation,"Apache License, Version 2.0: http://www.apache.org/licenses/LICENSE-2.0.txt",2e10aec04f55e395d5a59c85e0e6601c,176162fb3998856a90436826034ffe5d25beaeb9,pkg:maven/org.apache.tomcat.embed/tomcat-embed-core@10.1.16,cpe:2.3:a:apache:tomcat:10.1.16:*:*:*:*:*:*:*,CVE-2024-24549,NVD-CWE-noinfo,"Denial of Service due to improper input validation vulnerability for HTTP/2 requests in Apache Tomcat. When processing an HTTP/2 request, if the request exceeded any of the configured limits for headers, the associated HTTP/2 stream was not reset until after all of the headers had been processed.This issue affects Apache Tomcat: from 11.0.0-M1 through 11.0.0-M16, from 10.1.0-M1 through 10.1.18, from 9.0.0-M1 through 9.0.85, from 8.5.0 through 8.5.98.  Users are recommended to upgrade to version 11.0.0-M17, 10.1.19, 9.0.86 or 8.5.99 which fix the issue.",NVD,"","","","","","",HIGH,63,"","","","","","","",""
BMO RFB Backend,"Mon, 21 Jul 2025 12:13:32 GMT",tomcat-embed-core-10.1.16.jar,/home/ubuntu/.m2/repository/org/apache/tomcat/embed/tomcat-embed-core/10.1.16/tomcat-embed-core-10.1.16.jar,Core Tomcat implementation,"Apache License, Version 2.0: http://www.apache.org/licenses/LICENSE-2.0.txt",2e10aec04f55e395d5a59c85e0e6601c,176162fb3998856a90436826034ffe5d25beaeb9,pkg:maven/org.apache.tomcat.embed/tomcat-embed-core@10.1.16,cpe:2.3:a:apache:tomcat:10.1.16:*:*:*:*:*:*:*,CVE-2024-34750,"","Improper Handling of Exceptional Conditions, Uncontrolled Resource Consumption vulnerability in Apache Tomcat. When processing an HTTP/2 stream, Tomcat did not handle some cases of excessive HTTP headers correctly. This led to a miscounting of active HTTP/2 streams which in turn led to the use of an incorrect infinite timeout which allowed connections to remain open which should have been closed.  This issue affects Apache Tomcat: from 11.0.0-M1 through 11.0.0-M20, from 10.1.0-M1 through 10.1.24, from 9.0.0-M1 through 9.0.89.  Users are recommended to upgrade to version 11.0.0-M21, 10.1.25 or 9.0.90, which fixes the issue.",NVD,"","","","","","",HIGH,63,"","","","","","","",""
BMO RFB Backend,"Mon, 21 Jul 2025 12:13:32 GMT",tomcat-embed-core-10.1.16.jar,/home/ubuntu/.m2/repository/org/apache/tomcat/embed/tomcat-embed-core/10.1.16/tomcat-embed-core-10.1.16.jar,Core Tomcat implementation,"Apache License, Version 2.0: http://www.apache.org/licenses/LICENSE-2.0.txt",2e10aec04f55e395d5a59c85e0e6601c,176162fb3998856a90436826034ffe5d25beaeb9,pkg:maven/org.apache.tomcat.embed/tomcat-embed-core@10.1.16,cpe:2.3:a:apache:tomcat:10.1.16:*:*:*:*:*:*:*,CVE-2024-50379,"","Time-of-check Time-of-use (TOCTOU) Race Condition vulnerability during JSP compilation in Apache Tomcat permits an RCE on case insensitive file systems when the default servlet is enabled for write (non-default configuration).  This issue affects Apache Tomcat: from 11.0.0-M1 through 11.0.1, from 10.1.0-M1 through 10.1.33, from 9.0.0.M1 through 9.0.97.  Users are recommended to upgrade to version 11.0.2, 10.1.34 or 9.0.98, which fixes the issue.",NVD,"","","","","","",HIGH,63,"","","","","","","",""
BMO RFB Backend,"Mon, 21 Jul 2025 12:13:32 GMT",tomcat-embed-core-10.1.16.jar,/home/ubuntu/.m2/repository/org/apache/tomcat/embed/tomcat-embed-core/10.1.16/tomcat-embed-core-10.1.16.jar,Core Tomcat implementation,"Apache License, Version 2.0: http://www.apache.org/licenses/LICENSE-2.0.txt",2e10aec04f55e395d5a59c85e0e6601c,176162fb3998856a90436826034ffe5d25beaeb9,pkg:maven/org.apache.tomcat.embed/tomcat-embed-core@10.1.16,cpe:2.3:a:apache:tomcat:10.1.16:*:*:*:*:*:*:*,CVE-2024-52316,CWE-754 Improper Check for Unusual or Exceptional Conditions,"Unchecked Error Condition vulnerability in Apache Tomcat. If Tomcat is configured to use a custom Jakarta Authentication (formerly JASPIC) ServerAuthContext component which may throw an exception during the authentication process without explicitly setting an HTTP status to indicate failure, the authentication may not fail, allowing the user to bypass the authentication process. There are no known Jakarta Authentication components that behave in this way.  This issue affects Apache Tomcat: from 11.0.0-M1 through 11.0.0-M26, from 10.1.0-M1 through 10.1.30, from 9.0.0-M1 through 9.0.95.  Users are recommended to upgrade to version 11.0.0, 10.1.31 or 9.0.96, which fix the issue.",NVD,"","","","","","",HIGH,63,"","","","","","","",""
BMO RFB Backend,"Mon, 21 Jul 2025 12:13:32 GMT",tomcat-embed-core-10.1.16.jar,/home/ubuntu/.m2/repository/org/apache/tomcat/embed/tomcat-embed-core/10.1.16/tomcat-embed-core-10.1.16.jar,Core Tomcat implementation,"Apache License, Version 2.0: http://www.apache.org/licenses/LICENSE-2.0.txt",2e10aec04f55e395d5a59c85e0e6601c,176162fb3998856a90436826034ffe5d25beaeb9,pkg:maven/org.apache.tomcat.embed/tomcat-embed-core@10.1.16,cpe:2.3:a:apache:tomcat:10.1.16:*:*:*:*:*:*:*,CVE-2024-54677,"","Uncontrolled Resource Consumption vulnerability in the examples web application provided with Apache Tomcat leads to denial of service.  This issue affects Apache Tomcat: from 11.0.0-M1 through 11.0.1, from 10.1.0-M1 through 10.1.33, from 9.0.0.M1 through 9.9.97.  Users are recommended to upgrade to version 11.0.2, 10.1.34 or 9.0.98, which fixes the issue.",NVD,"","","","","","",HIGH,63,"","","","","","","",""
BMO RFB Backend,"Mon, 21 Jul 2025 12:13:32 GMT",tomcat-embed-core-10.1.16.jar,/home/ubuntu/.m2/repository/org/apache/tomcat/embed/tomcat-embed-core/10.1.16/tomcat-embed-core-10.1.16.jar,Core Tomcat implementation,"Apache License, Version 2.0: http://www.apache.org/licenses/LICENSE-2.0.txt",2e10aec04f55e395d5a59c85e0e6601c,176162fb3998856a90436826034ffe5d25beaeb9,pkg:maven/org.apache.tomcat.embed/tomcat-embed-core@10.1.16,cpe:2.3:a:apache:tomcat:10.1.16:*:*:*:*:*:*:*,CVE-2024-56337,"","Time-of-check Time-of-use (TOCTOU) Race Condition vulnerability in Apache Tomcat.  This issue affects Apache Tomcat: from 11.0.0-M1 through 11.0.1, from 10.1.0-M1 through 10.1.33, from 9.0.0.M1 through 9.0.97.  The mitigation for CVE-2024-50379 was incomplete.  Users running Tomcat on a case insensitive file system with the default servlet write enabled (readonly initialisation  parameter set to the non-default value of false) may need additional configuration to fully mitigate CVE-2024-50379 depending on which version of Java they are using with Tomcat: - running on Java 8 or Java 11: the system property sun.io.useCanonCaches must be explicitly set to false (it defaults to true) - running on Java 17: the system property sun.io.useCanonCaches, if set, must be set to false (it defaults to false) - running on Java 21 onwards: no further configuration is required (the system property and the problematic cache have been removed)  Tomcat 11.0.3, 10.1.35 and 9.0.99 onwards will include checks that sun.io.useCanonCaches is set appropriately before allowing the default servlet to be write enabled on a case insensitive file system. Tomcat will also set sun.io.useCanonCaches to false by default where it can.",NVD,"","","","","","",HIGH,63,"","","","","","","",""
BMO RFB Backend,"Mon, 21 Jul 2025 12:13:32 GMT",tomcat-embed-core-10.1.16.jar,/home/ubuntu/.m2/repository/org/apache/tomcat/embed/tomcat-embed-core/10.1.16/tomcat-embed-core-10.1.16.jar,Core Tomcat implementation,"Apache License, Version 2.0: http://www.apache.org/licenses/LICENSE-2.0.txt",2e10aec04f55e395d5a59c85e0e6601c,176162fb3998856a90436826034ffe5d25beaeb9,pkg:maven/org.apache.tomcat.embed/tomcat-embed-core@10.1.16,cpe:2.3:a:apache:tomcat:10.1.16:*:*:*:*:*:*:*,CVE-2025-46701,"","Improper Handling of Case Sensitivity vulnerability in Apache Tomcat's GCI servlet allows security constraint bypass of security constraints that apply to the pathInfo component of a URI mapped to the CGI servlet.  This issue affects Apache Tomcat: from 11.0.0-M1 through 11.0.6, from 10.1.0-M1 through 10.1.40, from 9.0.0.M1 through 9.0.104.  Users are recommended to upgrade to version 11.0.7, 10.1.41 or 9.0.105, which fixes the issue.",NVD,"","","","","","",HIGH,63,"","","","","","","",""
BMO RFB Backend,"Mon, 21 Jul 2025 12:13:32 GMT",tomcat-embed-core-10.1.16.jar,/home/ubuntu/.m2/repository/org/apache/tomcat/embed/tomcat-embed-core/10.1.16/tomcat-embed-core-10.1.16.jar,Core Tomcat implementation,"Apache License, Version 2.0: http://www.apache.org/licenses/LICENSE-2.0.txt",2e10aec04f55e395d5a59c85e0e6601c,176162fb3998856a90436826034ffe5d25beaeb9,pkg:maven/org.apache.tomcat.embed/tomcat-embed-core@10.1.16,cpe:2.3:a:apache:tomcat:10.1.16:*:*:*:*:*:*:*,CVE-2025-48988,"","Allocation of Resources Without Limits or Throttling vulnerability in Apache Tomcat.  This issue affects Apache Tomcat: from 11.0.0-M1 through 11.0.7, from 10.1.0-M1 through 10.1.41, from 9.0.0.M1 through 9.0.105.  Users are recommended to upgrade to version 11.0.8, 10.1.42 or 9.0.106, which fix the issue.",NVD,"","","","","","",HIGH,63,"","","","","","","",""
BMO RFB Backend,"Mon, 21 Jul 2025 12:13:32 GMT",tomcat-embed-core-10.1.16.jar,/home/ubuntu/.m2/repository/org/apache/tomcat/embed/tomcat-embed-core/10.1.16/tomcat-embed-core-10.1.16.jar,Core Tomcat implementation,"Apache License, Version 2.0: http://www.apache.org/licenses/LICENSE-2.0.txt",2e10aec04f55e395d5a59c85e0e6601c,176162fb3998856a90436826034ffe5d25beaeb9,pkg:maven/org.apache.tomcat.embed/tomcat-embed-core@10.1.16,cpe:2.3:a:apache:tomcat:10.1.16:*:*:*:*:*:*:*,CVE-2025-49124,"","Untrusted Search Path vulnerability in Apache Tomcat installer for Windows. During installation, the Tomcat installer for Windows used icacls.exe without specifying a full path.  This issue affects Apache Tomcat: from 11.0.0-M1 through 11.0.7, from 10.1.0 through 10.1.41, from 9.0.23 through 9.0.105.  Users are recommended to upgrade to version 11.0.8, 10.1.42 or 9.0.106, which fix the issue.",NVD,"","","","","","",HIGH,63,"","","","","","","",""
BMO RFB Backend,"Mon, 21 Jul 2025 12:13:32 GMT",tomcat-embed-core-10.1.16.jar,/home/ubuntu/.m2/repository/org/apache/tomcat/embed/tomcat-embed-core/10.1.16/tomcat-embed-core-10.1.16.jar,Core Tomcat implementation,"Apache License, Version 2.0: http://www.apache.org/licenses/LICENSE-2.0.txt",2e10aec04f55e395d5a59c85e0e6601c,176162fb3998856a90436826034ffe5d25beaeb9,pkg:maven/org.apache.tomcat.embed/tomcat-embed-core@10.1.16,cpe:2.3:a:apache:tomcat:10.1.16:*:*:*:*:*:*:*,CVE-2025-49125,"","Authentication Bypass Using an Alternate Path or Channel vulnerability in Apache Tomcat.  When using PreResources or PostResources mounted other than at the root of the web application, it was possible to access those resources via an unexpected path. That path was likely not to be protected by the same security constraints as the expected path, allowing those security constraints to be bypassed.  This issue affects Apache Tomcat: from 11.0.0-M1 through 11.0.7, from 10.1.0-M1 through 10.1.41, from 9.0.0.M1 through 9.0.105.  Users are recommended to upgrade to version 11.0.8, 10.1.42 or 9.0.106, which fix the issue.",NVD,"","","","","","",HIGH,63,"","","","","","","",""
